rank,city,opportunity_index,potential_padel_players,padel_court_count,courts_per_100k
1,Berlin,75.4,221869,67,1.72
2,Stuttgart,47.9,28440,8,1.32
3,Köln,43.1,48095,25,2.44
4,München,41.9,97576,52,3.24
5,Hamburg,38.5,94419,79,4.27
6,Düsseldorf,34.4,28439,20,3.04
7,Kiel,29.2,9310,7,2.78
8,Frankfurt am Main,28.0,34224,29,3.74
