city,population,state
Hamburg,1851596,Hamburg
Berlin,3902645,Berlin
München,1604771,Bavaria
Frankfurt am Main,775109,Hesse
Köln,1024621,North Rhine-Westphalia
Düsseldorf,658245,North Rhine-Westphalia
Kiel,251379,Schleswig-Holstein
Stuttgart,604804,Baden-Württemberg
